fitness,matches,expression
-2836.0,9,(cosh(log2(n)) + ceil(((n * cosh(cos(n))) min cosh(log2(n)))))
-2834.0,9,(cosh(log2(n)) + ceil((((tan(n) + n) + cosh(e)) min cosh(log2(n)))))
-2024.0,8,"(nroot(nroot(n, catalan), (catalan max (cos(n) max ((e * phi) / n)))) + n)"
-2023.0,8,"(n + ((n ** catalan) ** ((n / ceil((n / atan(n)))) min nroot(n, n))))"
-2018.0,8,((((sqrt((n ** catalan)) + n) + n) + sin(n)) min (((log2(n) ** log2(n)) + sin(n)) + n))
-1392.0,7,(ceil(cosh(log2(n))) + cosh(log2(n)))
-1392.0,7,(cosh(log2(n)) + ceil(cosh(log2(n))))
-1392.0,7,(ceil(cosh(log2(n))) + cosh(log2(n)))
-1392.0,7,(ceil(cosh(log2(n))) + cosh(log2(n)))
-1392.0,7,(cosh(log2(n)) + ceil(cosh(log2(n))))
-1392.0,7,(ceil(cosh(log2(n))) + cosh(log2(n)))
-1392.0,7,(ceil(cosh(log2(n))) + cosh(log2(n)))
-1392.0,7,(ceil(cosh(log2(n))) + cosh(log2(n)))
-1392.0,7,(cosh(log2(n)) + ceil(cosh(log2(n))))
-1392.0,7,(ceil(cosh(log2(n))) + cosh(log2(n)))
-1392.0,7,(cosh(log2(n)) + ceil(cosh(log2(n))))
-1392.0,7,(ceil(cosh(log2(n))) + cosh(log2(n)))
-1392.0,7,(cosh(log2(n)) + ceil(cosh(log2(n))))
-1392.0,7,(cosh(log2(n)) + ceil(cosh(log2(n))))
-1392.0,7,(ceil(cosh(log2(n))) + cosh(log2(n)))
-1392.0,7,(ceil(cosh(log2(n))) + cosh(log2(n)))
-1391.0,7,"(cosh(log2(n)) + floor(nroot(n, sin(avogadro))))"
-1389.0,7,(n + (n ** log_{((n // e) + pi)}(n)))
-1389.0,7,(phi + (n ** atan((sin((n * phi)) + n))))
-1389.0,7,"sinh(cosh((nroot(n, e) min (tan(avogadro) max log(n)))))"
-1389.0,7,(((n + cosh(log2(n))) // phi) + cosh(log2(n)))
-1388.0,7,((cosh(log2(n)) // tanh(n)) + (cosh(log2(n)) + catalan))
-1388.0,7,((floor(cosh(log2(n))) + cos(atan(euler_gamma))) + cosh(log2(n)))
-1388.0,7,(((n // sin(acos(atan(log10(n))))) // atan(euler_gamma)) max e)
-1388.0,7,(((n + (n / cos(sin(n)))) ** log10(n)) + n)
-1387.0,7,((cosh(log2(n)) + abs(cos((e ** n)))) + cosh(log2(n)))
-1386.0,7,((n ** catalan) + cosh(log2((n + (cosh(log2(n)) // ceil(pi))))))
-1386.0,7,((n ** atan(n)) + (n ** ((sinh(n) ** euler_gamma) % sinh(euler_gamma))))
-1385.0,7,(((phi ** n) min (n + n)) + (((phi ** n) // n) ** catalan))
-1385.0,7,"(cosh((log2(ceil(nroot((n ** n), n))) max log2(cosh(log2(n))))) + n)"
-1385.0,7,(((n + cos((n * n))) / sin(sqrt((n ** sin(avogadro))))) + n)
-1385.0,7,((n ** euler_gamma) + sqrt(sinh((n min ((e + e) max (n - catalan))))))
-1384.0,7,((cosh(log2(n)) // sin(tanh((cosh(log2(n)) // tanh(n))))) + cosh(log2(n)))
-1384.0,7,((log10(n) // cos(euler_gamma)) + ((n // (log(catalan) + catalan)) + cosh(log2(n))))
-1383.0,7,((sqrt(((factorial(n) // e) + e)) % (n + (n // (n min phi)))) + n)
-1383.0,7,(cos(n) + (n + ((n + ((n * asin(catalan)) % asin(catalan))) * asin(catalan))))
-1381.0,7,ceil((((phi ** n) ** tanh(((e * e) - n))) max ((n * catalan) / (e / n))))
-1381.0,7,"((nroot(n, (pi // (n / pi))) + (n + log(n))) max sinh(((n // phi) ** catalan)))"
-1379.0,7,((n + ((n ** (phi * log10(n))) min cosh(e))) max (log2(n) + (n ** (phi * log10(n)))))
-1378.0,7,((sqrt((n + phi)) ** sqrt(n)) max ((sqrt((n + phi)) ** sqrt((n + phi))) min (sinh(pi) + phi)))
-902.0,6,(cos(n) + (n // log(acos(boltzmann))))
-901.0,6,(sinh((cosh((n / pi)) min e)) + n)
-901.0,6,"((n + cos(sinh(n))) + nroot(n, catalan))"
-901.0,6,"((tanh(cos(n)) + nroot(n, catalan)) + n)"
-901.0,6,(ceil((cosh(log2(n)) + n)) + cos(n))
-901.0,6,"((n + nroot(n, catalan)) + cos(cosh(n)))"
-901.0,6,"((nroot(n, catalan) + cos(cosh(n))) + n)"
-901.0,6,"((cos(cosh(n)) + nroot(n, catalan)) + n)"
-901.0,6,"((n + nroot(n, catalan)) + atan(cos(n)))"
-901.0,6,"(cos(cosh(n)) + (n + nroot(n, catalan)))"
-901.0,6,"((n + cos(cosh(n))) + nroot(n, catalan))"
-901.0,6,"((nroot(n, catalan) + cos(sinh(n))) + n)"
-901.0,6,"((cos(sinh(n)) + nroot(n, catalan)) + n)"
-901.0,6,"cosh(cosh(nroot((n min (e + e)), e)))"
-901.0,6,"(n + (cos(sinh(n)) + nroot(n, catalan)))"
-901.0,6,"(nroot(n, catalan) + (n + cos(cosh(n))))"
-901.0,6,"(tanh(cos(n)) + (nroot(n, catalan) + n))"
-901.0,6,"(tanh(cos(n)) + (n + nroot(n, catalan)))"
-901.0,6,(cos(n) + ((asin(catalan) * n) + n))
-901.0,6,"((cos(sinh(n)) + nroot(n, catalan)) + n)"
-901.0,6,"(nroot(n, catalan) + (atan(cos(n)) + n))"
-901.0,6,"((n + cos(sinh(n))) + nroot(n, catalan))"
-901.0,6,"(cos(sinh(n)) + (nroot(n, catalan) + n))"
-901.0,6,"(nroot(n, catalan) + (n + cos(cosh(n))))"
-901.0,6,"(nroot(n, catalan) + (n + sin(cos(n))))"
-901.0,6,((n * log(pi)) + (cos(n) + n))
-901.0,6,"(tanh(cos(n)) + (n + nroot(n, catalan)))"
-901.0,6,(cosh((e min (n / ceil(phi)))) + n)
-901.0,6,"(cos(sinh(n)) + (nroot(n, catalan) + n))"
-901.0,6,"(nroot(n, catalan) + (n + sin(cos(n))))"
-901.0,6,(n + (cos(n) + (n * log(pi))))
-901.0,6,"((nroot(n, catalan) + n) + cos(cosh(n)))"
-901.0,6,"(nroot(n, catalan) + (cos(sinh(n)) + n))"
-901.0,6,"((nroot(n, catalan) + n) + sin(cos(n)))"
-901.0,6,"(n + (nroot(n, catalan) + cos(cosh(n))))"
-901.0,6,"(n + (atan(cos(n)) + nroot(n, catalan)))"
-901.0,6,"((nroot(n, catalan) + cos(cosh(n))) + n)"
-901.0,6,"((nroot(n, catalan) + cos(cosh(n))) + n)"
-901.0,6,"((atan(cos(n)) + nroot(n, catalan)) + n)"
-901.0,6,"sinh(cosh(nroot((n min (e + e)), e)))"
-901.0,6,"((nroot(n, catalan) + n) + cos(cosh(n)))"
-901.0,6,"((nroot(n, catalan) + sin(cos(n))) + n)"
-901.0,6,"((cos(sinh(n)) + n) + nroot(n, catalan))"
-901.0,6,"((nroot(n, catalan) + n) + cos(sinh(n)))"
-901.0,6,"((cos(cosh(n)) + n) + nroot(n, catalan))"
-901.0,6,"((n + cos(sinh(n))) + nroot(n, catalan))"
-901.0,6,"(nroot(n, catalan) + (cos(sinh(n)) + n))"
-901.0,6,"((n + cos(cosh(n))) + nroot(n, catalan))"
-901.0,6,"((cos(cosh(n)) + n) + nroot(n, catalan))"
-901.0,6,"(cos(sinh(n)) + (n + nroot(n, catalan)))"
-901.0,6,"((nroot(n, catalan) + n) + cos(cosh(n)))"
-901.0,6,"(nroot(n, catalan) + (n + cos(cosh(n))))"
-900.0,6,(((phi ** n) min (n + n)) + ceil(catalan))
-900.0,6,"sinh((cosh(nroot(n, e)) min cosh(nroot(e, phi))))"
-900.0,6,(tanh(c) + ((n + n) min (phi ** n)))
-900.0,6,(n + (tanh((cosh(n) / cos(n))) + n))
-900.0,6,((tanh(sinh((n / cos(n)))) + n) + n)
-900.0,6,(ceil((phi ** n)) min (n + (phi + n)))
-900.0,6,"(nroot(((cos(n) min euler_gamma) + n), catalan) + n)"
-900.0,6,(n + ((cos(n) + n) * sqrt(tan(catalan))))
-900.0,6,(cosh((((n ** catalan) * euler_gamma) min e)) + n)
-900.0,6,((n // sin(atan(cosh(catalan)))) + cosh(log2(n)))
-900.0,6,((n + ((n + n) // phi)) + cos(n))
-900.0,6,(cosh(G) + ((phi ** n) min (n + n)))
-900.0,6,(((cos(n) + n) / log10(sinh(e))) + n)
-900.0,6,ceil(((phi ** n) min (phi * (n + phi))))
-900.0,6,(cos(boltzmann) + ((phi ** n) min (n + n)))
-900.0,6,(n + (((n + n) // phi) + cos(n)))
-900.0,6,(n + cosh(cosh(((n / pi) min log2(pi)))))
-900.0,6,(n + cosh((((n ** catalan) * euler_gamma) min e)))
-900.0,6,"(n + nroot((n + (euler_gamma min cos(n))), catalan))"
-900.0,6,(ceil(catalan) + ((phi ** n) min (n + n)))
-900.0,6,(((phi ** n) min (n + n)) + cos(boltzmann))
-900.0,6,(n + ((n + cos(n)) + sinh(log10(n))))
-900.0,6,(e + (((n * n) & neg(n)) // e))
-900.0,6,"(nroot((n + (euler_gamma min cos(n))), catalan) + n)"
-900.0,6,"((n + nroot(n, (catalan ** catalan))) + cos(n))"
-900.0,6,((cosh(log10((pi ** n))) min sinh(e)) + n)
-900.0,6,((n + (n / (catalan ** phi))) + cos(n))
-900.0,6,"(cos(n) + (n + nroot(n, (catalan ** catalan))))"
-900.0,6,(((phi ** n) min (n + n)) + sinh(catalan))
-900.0,6,"(nroot(cos(n), e) + ((n / catalan) + n))"
-899.0,6,(((n + n) min (phi ** n)) + (n / n))
-899.0,6,(sqrt(cosh(((e + e) min n))) + (e min n))
-899.0,6,(((phi ** n) + catalan) min (n * cosh(log2(e))))
-899.0,6,(((n ** (phi * log10(n))) min sinh(e)) + n)
-899.0,6,((catalan + (phi ** n)) min (n + (phi + n)))
-899.0,6,"(n + nroot(((cos(catalan) min cos(n)) + n), catalan))"
-899.0,6,(((log10((n / catalan)) + cos(n)) + n) + n)
-899.0,6,((n + cos(n)) + (log10((n / catalan)) + n))
-899.0,6,"((cos(n) + n) + nroot((cos(phi) + n), catalan))"
-899.0,6,(e + (n // (e / (n min (pi * phi)))))
-899.0,6,"(n + nroot((cos(n) + n), (cos(n) max catalan)))"
-899.0,6,(((log10((n / catalan)) + n) + cos(n)) + n)
-899.0,6,(sqrt(sinh((n min (e + e)))) + (n min e))
-899.0,6,(sqrt(cosh(((e + e) min n))) + (e min n))
-899.0,6,(cosh(log2((ceil(cos(n)) + (catalan * n)))) + n)
-899.0,6,(sqrt(sinh((n min (e + e)))) + (n min e))
-899.0,6,(((phi ** n) + cos(euler_gamma)) min (sinh(e) // euler_gamma))
-899.0,6,((catalan + (phi ** n)) min (n + (phi + n)))
-899.0,6,(n + ((n ** log10((n ** phi))) min cosh(e)))
-899.0,6,sinh(sqrt((n + sinh(sqrt((n min (pi / euler_gamma)))))))
-899.0,6,(sinh(sqrt(n)) + sqrt((factorial(n) ** sin(sqrt(n)))))
-899.0,6,(n + ((n + sin((phi + n))) + log10(n)))
-899.0,6,"((nroot((factorial(n) * phi), e) min cosh(e)) + n)"
-899.0,6,(((phi ** n) + catalan) min (phi + (n + n)))
-899.0,6,sinh(sqrt((sinh(sqrt((n min (e + e)))) + n)))
-899.0,6,(((phi ** n) + catalan) min ((n + n) + phi))
-899.0,6,(n + ((n ** (log10(n) * phi)) min cosh(e)))
-899.0,6,((catalan + (phi ** n)) min ((n + n) + phi))
-899.0,6,"((nroot(sqrt(factorial(n)), sqrt(phi)) min sinh(e)) + n)"
-899.0,6,((n min e) + sqrt(cosh((n min (e + e)))))
-899.0,6,((sin(catalan) + (phi ** n)) min (cosh(e) + n))
-899.0,6,(n + sqrt(((sqrt(factorial(n)) ** phi) min log(avogadro))))
-899.0,6,"(cosh((nroot((n ** log(n)), e) min e)) + n)"
-899.0,6,sinh(sqrt((n + sinh(sqrt((n min (e + e)))))))
-899.0,6,sinh(sqrt(((n min sqrt(log2(c))) + sinh(sqrt(n)))))
-899.0,6,(n + ((e ** log10(factorial(n))) min (n + phi)))
-899.0,6,(n + (((n ** log10(n)) ** phi) min cosh(e)))
-898.0,6,(n + (cos(n) + (n + floor((e % atan(n))))))
-898.0,6,(((phi ** n) + cos(euler_gamma)) min ((phi + n) // euler_gamma))
-898.0,6,((cos(n) + (sinh(log10(n)) + (n | n))) + n)
-898.0,6,(catalan + ((n ** atan(n)) + (n & (n // n))))
-898.0,6,(n + ((n + cos(n)) + log10((n + cos(n)))))
-898.0,6,((n + cos((n * n))) + ((n / catalan) / catalan))
-898.0,6,(((phi ** n) + atan(phi)) min ((phi + n) + n))
-898.0,6,(cosh(log2((((cos(n) // n) + euler_gamma) + n))) + n)
-898.0,6,(((n + n) min (acos(boltzmann) ** n)) + cosh(tanh(n)))
-898.0,6,(((phi min ((n + pi) / n)) ** n) + cos(euler_gamma))
-898.0,6,((cosh(cosh((sqrt(n) * log10(n)))) min cosh(e)) + n)
-898.0,6,"(euler_gamma + (n + (nroot(factorial(n), e) min (e * e))))"
-898.0,6,"(((cos(n) + n) ** log2(cosh(nroot(n, n)))) + n)"
-898.0,6,(((cos(n) + n) + n) + log10((cos(n) + n)))
-898.0,6,(n + ((n ** (n / (phi + e))) min sinh(e)))
-898.0,6,(((log2(floor(pi)) ** n) min (n + n)) + atan(pi))
-898.0,6,(((n ** (log10(n) * phi)) min (phi + n)) + n)
-898.0,6,"(n + (nroot(n, (phi / (n / e))) min cosh(e)))"
-898.0,6,sinh(sqrt((n + sinh((sqrt(n) min sqrt((phi * pi)))))))
-898.0,6,(((n ** (phi * log10(n))) min (n + phi)) + n)
-898.0,6,((n + cosh(cosh((n / pi)))) min (phi + cosh(pi)))
-898.0,6,(n + ((n ** log10((n ** phi))) min (n + phi)))
-898.0,6,"(((cosh(nroot(log10(n), n)) ** n) min cosh(e)) + n)"
-898.0,6,ceil(((pi * ceil(pi)) min ((phi * tanh(pi)) ** n)))
-898.0,6,(n + (((n ** phi) ** log10(n)) min (phi + n)))
-898.0,6,(sin(catalan) + (phi ** (n min (pi + (phi ** phi)))))
-897.0,6,(((phi ** n) min (n + n)) + ((catalan // catalan) ** phi))
-897.0,6,(n + ((n + (ceil((n min pi)) % n)) / atan(n)))
-897.0,6,(log10(n) + (cosh(log2(n)) + (n + cos((n * n)))))
-897.0,6,(((n + tanh((cos(neg(n)) * ceil(n)))) / catalan) + n)
-897.0,6,((n ** atan(cosh((log((phi ** n)) min sinh(phi))))) + phi)
-897.0,6,sinh(sqrt(((sinh(sqrt(n)) min (e + log_{G}(boltzmann))) + n)))
-897.0,6,sinh(sqrt(((e % cos(log2(n))) + (n + sinh(sqrt(n))))))
-897.0,6,ceil((phi ** ((tanh(e) * n) min (e + (phi + catalan)))))
-897.0,6,(n + sqrt((sqrt((factorial(n) ** phi)) % (phi - log2(boltzmann)))))
-897.0,6,"((nroot(n, acos((acos(log10(n)) min log10(n)))) ** catalan) + n)"
-896.0,6,ceil((n / (tanh((n / (n + n))) max tanh((e / n)))))
-896.0,6,((sqrt(cosh(log(cosh(n)))) min tan(atan(cosh((n min e))))) + n)
-896.0,6,((sqrt(cosh((euler_gamma - n))) min ((n % avogadro) + cosh(G))) + n)
-896.0,6,((((n + cos(n)) max phi) + (n + log_{pi}(n))) - euler_gamma)
-896.0,6,((((n + n) // phi) min sqrt((sqrt(factorial(n)) ** phi))) + n)
-896.0,6,(((((factorial(n) / n) + n) min (n * n)) ** euler_gamma) + n)
-896.0,6,((n + catalan) + (n + cos((n + (cos(n) max sin(n))))))
-896.0,6,(cosh(log2((n + atan((n // ((pi // catalan) * phi)))))) + n)
-896.0,6,ceil((phi ** (n - (n % sqrt(((n ** n) % tanh(n)))))))
-896.0,6,"((n + (cos(n) + n)) + (n // nroot(c, (n * e))))"
-896.0,6,(n + ((((n << n) / n) // (G + n)) min cosh(e)))
-896.0,6,ceil(((phi ** tanh((atan(avogadro) ** ((n << n) % e)))) ** n))
-896.0,6,((n ** catalan) + ((cosh((log2(n) - n)) max n) min log10(c)))
-895.0,6,((n + cosh(log2((n * log10((e * n)))))) min (n + cosh(e)))
-895.0,6,((n + sqrt(((factorial(n) + factorial(n)) // n))) min (n // log10(e)))
-895.0,6,((n + ((n / euler_gamma) ** tan(log10(n)))) min (pi + (n / euler_gamma)))
-895.0,6,(n + (n ** (((n ** euler_gamma) - atan(n)) ** (n % atan(n)))))
-894.0,6,(n + cosh(((n ** catalan) * (euler_gamma min ((euler_gamma + (phi ** n)) % n)))))
-894.0,6,(n + (n ** (((avogadro % (n * (n + n))) % cos(avogadro)) + catalan)))
-894.0,6,((sqrt(n) ** sqrt((cos((((G + pi) - n) % e)) + n))) + n)
-893.0,6,sinh((sqrt((sinh(sqrt(n)) + n)) min sqrt((sinh(log_{ceil(pi)}(log10(avogadro))) + n))))
-893.0,6,(((n ** catalan) ** (n / (((n ** catalan) max (e * phi)) // catalan))) + n)
-893.0,6,(n + ((n max ((n // sin(cosh(n))) max (n // sin(factorial(n))))) ** catalan))
-893.0,6,(n + (n ** (atan(log10(factorial(n))) min cosh(sin((n - (log10(n) / pi)))))))
-892.0,6,"(sinh(nroot(n, nroot(((phi ** (n | (n // (n max euler_gamma)))) + n), n))) + n)"
-892.0,6,((phi ** (n - (catalan max tan(((phi ** n) + (n - catalan)))))) + (n ** catalan))
-892.0,6,ceil((ceil((phi ** n)) / cosh(cos(((ceil((phi ** n)) / n) / cosh(cos(avogadro)))))))
-892.0,6,(n + (n ** atan(((cos(n) min cos(atan(((c min euler_gamma) - pi)))) + sqrt(pi)))))
-545.0,5,"cosh(cosh(nroot(n, e)))"
-545.0,5,"cosh(cosh(nroot(n, e)))"
-545.0,5,"cosh(cosh(nroot(n, e)))"
-545.0,5,"cosh(cosh(nroot(n, e)))"
-545.0,5,"sinh(cosh(nroot(n, e)))"
-545.0,5,"sinh(cosh(nroot(n, e)))"
-545.0,5,"sinh(cosh(nroot(n, e)))"
-545.0,5,"cosh(cosh(nroot(n, e)))"
-545.0,5,"sinh(cosh(nroot(n, e)))"
-545.0,5,"sinh(cosh(nroot(n, e)))"
-545.0,5,"cosh(cosh(nroot(n, e)))"
-545.0,5,"sinh(cosh(nroot(n, e)))"
-545.0,5,"cosh(cosh(nroot(n, e)))"
-545.0,5,"sinh(cosh(nroot(n, e)))"
-545.0,5,"sinh(cosh(nroot(n, e)))"
-545.0,5,"sinh(cosh(nroot(n, e)))"
-545.0,5,"cosh(cosh(nroot(n, e)))"
-545.0,5,"sinh(cosh(nroot(n, e)))"
-545.0,5,"cosh(cosh(nroot(n, e)))"
-545.0,5,"sinh(cosh(nroot(n, e)))"
-545.0,5,"sinh(cosh(nroot(n, e)))"
-545.0,5,"cosh(cosh(nroot(n, e)))"
-545.0,5,"sinh(cosh(nroot(n, e)))"
-545.0,5,"sinh(cosh(nroot(n, e)))"
-545.0,5,"sinh(cosh(nroot(n, e)))"
-544.0,5,(sin(catalan) + (phi ** n))
-544.0,5,(sin(avogadro) + (phi ** n))
-544.0,5,(sin(catalan) + (phi ** n))
-544.0,5,(cos(euler_gamma) + (phi ** n))
-544.0,5,((phi ** n) + cos(euler_gamma))
-544.0,5,((phi ** n) + sin(avogadro))
-544.0,5,((phi ** n) + cos(euler_gamma))
-544.0,5,(sin(catalan) + (phi ** n))
-544.0,5,((phi ** n) + cos(euler_gamma))
-544.0,5,(sin(catalan) + (phi ** n))
-544.0,5,(sin(avogadro) + (phi ** n))
-544.0,5,((phi ** n) + cos(euler_gamma))
-544.0,5,((phi ** n) + cos(euler_gamma))
-544.0,5,((phi ** n) + sin(catalan))
-544.0,5,(sin(avogadro) + (phi ** n))
-544.0,5,(sin(avogadro) + (phi ** n))
-544.0,5,((phi ** n) + cos(euler_gamma))
-544.0,5,(sin(catalan) + (phi ** n))
-544.0,5,(sin(catalan) + (phi ** n))
-544.0,5,((phi ** n) + cos(euler_gamma))
-544.0,5,(cos(euler_gamma) + (phi ** n))
-544.0,5,(sin(avogadro) + (phi ** n))
-544.0,5,((phi ** n) + cos(euler_gamma))
-544.0,5,(sin(catalan) + (phi ** n))
-544.0,5,((phi ** n) + sin(catalan))
-544.0,5,(sin(avogadro) + (phi ** n))
-544.0,5,(sin(catalan) + (phi ** n))
-544.0,5,(log2(e) ** (n + phi))
-544.0,5,((phi ** n) + cos(euler_gamma))
-544.0,5,((phi ** n) + sin(catalan))
-544.0,5,(cos(euler_gamma) + (phi ** n))
-544.0,5,((phi ** n) + cos(euler_gamma))
-544.0,5,(log2(e) ** (n + phi))
-544.0,5,(cos(euler_gamma) + (phi ** n))
-544.0,5,((phi ** n) + sin(catalan))
-544.0,5,(cos(euler_gamma) + (phi ** n))
-544.0,5,(sin(avogadro) + (phi ** n))
-544.0,5,((phi ** n) - cos(c))
-544.0,5,((phi ** n) + cos(euler_gamma))
-544.0,5,(cos(euler_gamma) + (phi ** n))
-544.0,5,((phi ** n) + sin(avogadro))
-544.0,5,(cos(euler_gamma) + (phi ** n))
-544.0,5,((phi ** n) + sin(catalan))
-544.0,5,((phi ** n) + sin(avogadro))
-544.0,5,ceil(sqrt((phi * cosh(n))))
-544.0,5,(sin(avogadro) + (phi ** n))
-544.0,5,((phi ** n) + sin(catalan))
-544.0,5,(sin(catalan) + (phi ** n))
-544.0,5,((phi ** n) + cos(euler_gamma))
-544.0,5,((phi ** n) + sin(avogadro))
-544.0,5,((phi ** n) + sin(catalan))
-544.0,5,(cos(euler_gamma) + (phi ** n))
-544.0,5,((phi ** n) + sin(avogadro))
-544.0,5,((phi ** n) + sin(catalan))
-544.0,5,(cos(euler_gamma) + (phi ** n))
-544.0,5,((phi ** n) + sin(catalan))
-544.0,5,(sin(catalan) + (phi ** n))
-544.0,5,(sin(avogadro) + (phi ** n))
-544.0,5,((phi ** n) + sin(catalan))
-544.0,5,((phi ** n) + sin(catalan))
-544.0,5,(sin(catalan) + (phi ** n))
-544.0,5,((phi ** n) + cos(euler_gamma))
-544.0,5,((phi ** n) + cos(euler_gamma))
-544.0,5,(cos(euler_gamma) + (phi ** n))
-544.0,5,(sin(catalan) + (phi ** n))
-544.0,5,(sin(catalan) + (phi ** n))
-544.0,5,(sin(catalan) + (phi ** n))
-544.0,5,((phi ** n) + cos(euler_gamma))
-544.0,5,(sin(avogadro) + (phi ** n))
-544.0,5,((phi ** n) + sin(avogadro))
-544.0,5,((phi ** n) + cos(euler_gamma))
-544.0,5,((phi ** n) + sin(avogadro))
-544.0,5,((phi ** n) + sin(catalan))
-544.0,5,(log2(e) ** (phi + n))
-544.0,5,((phi ** n) + cos(euler_gamma))
-544.0,5,((phi ** n) + sin(catalan))
-544.0,5,((phi ** n) + sin(catalan))
-544.0,5,ceil((acos(log10(catalan)) ** n))
-544.0,5,(sin(avogadro) + (phi ** n))
-544.0,5,(cos(euler_gamma) + (phi ** n))
-544.0,5,(cos(euler_gamma) + (phi ** n))
-544.0,5,(sin(avogadro) + (phi ** n))
-544.0,5,((phi ** n) + cos(euler_gamma))
-544.0,5,((phi ** n) + sin(catalan))
-544.0,5,((phi ** n) + sin(catalan))
-544.0,5,(cos(euler_gamma) + (phi ** n))
-544.0,5,((phi ** n) + cos(euler_gamma))
-544.0,5,((phi ** n) + sin(catalan))
-544.0,5,(log2(e) ** (phi + n))
-544.0,5,ceil(sqrt((sinh(n) * phi)))
-544.0,5,((phi ** n) + cos(euler_gamma))
-544.0,5,((phi ** n) + cos(euler_gamma))
-544.0,5,((phi ** n) + sin(avogadro))
-544.0,5,(cos(euler_gamma) + (phi ** n))
-544.0,5,(sin(catalan) + (phi ** n))
-544.0,5,((phi ** n) + sin(avogadro))
-544.0,5,((phi ** n) + cos(euler_gamma))
-544.0,5,((phi ** n) + sin(catalan))
-544.0,5,((phi ** n) + sin(catalan))
-544.0,5,(sin(catalan) + (phi ** n))
-544.0,5,((phi ** n) - log2(euler_gamma))
-544.0,5,((phi ** n) + cos(euler_gamma))
-544.0,5,((phi ** n) + cos(euler_gamma))
-544.0,5,((phi ** n) + sin(avogadro))
-544.0,5,(log2(e) ** (n + phi))
-544.0,5,(sin(catalan) + (phi ** n))
-544.0,5,((phi ** n) + sin(catalan))
-544.0,5,(sin(catalan) + (phi ** n))
-544.0,5,(cos(euler_gamma) + (phi ** n))
-544.0,5,((phi ** n) + sin(avogadro))
-544.0,5,(cos(euler_gamma) + (phi ** n))
-544.0,5,ceil(sinh((phi ** log2(n))))
-544.0,5,(sin(avogadro) + (phi ** n))
-544.0,5,((phi ** n) + cos(euler_gamma))
-544.0,5,((phi ** n) + sin(catalan))
-544.0,5,((phi ** n) + cos(euler_gamma))
-544.0,5,((phi ** n) + sin(catalan))
-544.0,5,(cos(euler_gamma) + (phi ** n))
-544.0,5,((phi ** n) + sin(avogadro))
-544.0,5,(cos(euler_gamma) + (phi ** n))
-544.0,5,ceil(sinh((phi ** log2(n))))
-544.0,5,(cos(euler_gamma) + (phi ** n))
-544.0,5,(cos(euler_gamma) + (phi ** n))
-544.0,5,((phi ** n) + sin(catalan))
-544.0,5,((phi ** n) + cos(euler_gamma))
-544.0,5,(cos(euler_gamma) + (phi ** n))
-544.0,5,((phi ** n) + cos(euler_gamma))
-544.0,5,((phi ** n) + cos(euler_gamma))
-544.0,5,((phi ** n) + sin(avogadro))
-544.0,5,(cos(euler_gamma) + (phi ** n))
-544.0,5,((phi ** n) + cos(euler_gamma))
-544.0,5,(cos(euler_gamma) + (phi ** n))
-544.0,5,((phi ** n) - log2(euler_gamma))
-544.0,5,((phi ** n) + sin(avogadro))
-544.0,5,(sin(avogadro) + (phi ** n))
-544.0,5,((phi ** n) + sin(avogadro))
-544.0,5,(sin(catalan) + (phi ** n))
-544.0,5,(sin(catalan) + (phi ** n))
-544.0,5,((phi ** n) + sin(catalan))
-544.0,5,cosh(sqrt((n / atan(euler_gamma))))
-544.0,5,((phi ** n) + sin(avogadro))
-544.0,5,(sin(catalan) + (phi ** n))
-544.0,5,ceil(cosh((phi ** log2(n))))
-544.0,5,((phi ** n) + sin(avogadro))
-544.0,5,(cos(euler_gamma) + (phi ** n))
-544.0,5,(cos(euler_gamma) + (phi ** n))
-544.0,5,((phi ** n) + cos(euler_gamma))
-544.0,5,((phi ** n) + sin(catalan))
-544.0,5,ceil((acos(log10(catalan)) ** n))
-544.0,5,((phi ** n) + sin(catalan))
-544.0,5,((phi ** n) + sin(avogadro))
-544.0,5,(sin(catalan) + (phi ** n))
-544.0,5,(cos(euler_gamma) + (phi ** n))
-544.0,5,(sin(avogadro) + (phi ** n))
-544.0,5,(sin(catalan) + (phi ** n))
-544.0,5,(sin(avogadro) + (phi ** n))
-544.0,5,ceil((acos(log10(catalan)) ** n))
-544.0,5,((phi ** n) + sin(catalan))
-544.0,5,((phi ** n) + cos(euler_gamma))
-544.0,5,((phi ** n) + sin(avogadro))
-544.0,5,((phi ** n) + cos(euler_gamma))
-544.0,5,((phi ** n) + sin(avogadro))
-544.0,5,((phi ** n) + cos(euler_gamma))
-544.0,5,(sin(catalan) + (phi ** n))
-544.0,5,(cos(euler_gamma) + (phi ** n))
-544.0,5,ceil((cosh(sinh(catalan)) ** n))
-543.0,5,sinh(sqrt((sinh(sqrt(n)) + n)))
-543.0,5,ceil(((phi ** tanh(pi)) ** n))
-543.0,5,sinh(sqrt((n + sinh(sqrt(n)))))
-543.0,5,((phi ** n) + (n % phi))
-543.0,5,ceil(((phi ** n) ** tanh(pi)))
-543.0,5,ceil(((phi ** tanh(pi)) ** n))
-543.0,5,sinh(sqrt((n + sinh(sqrt(n)))))
-543.0,5,sinh(sqrt((n + sinh(sqrt(n)))))
-543.0,5,ceil((ceil((phi ** n)) * catalan))
-543.0,5,(sqrt(sinh(n)) + (n ** euler_gamma))
-543.0,5,ceil(((phi ** n) ** tanh(pi)))
-543.0,5,ceil((phi ** (n ** tanh(e))))
-543.0,5,ceil(((phi ** n) ** tanh(pi)))
-543.0,5,(sqrt(sinh(n)) + (n ** euler_gamma))
-543.0,5,sinh(sqrt((n + sinh(sqrt(n)))))
-543.0,5,"ceil((phi ** nroot(n, atan(phi))))"
-543.0,5,ceil(((phi ** tanh(pi)) ** n))
-543.0,5,ceil((phi ** (n ** tanh(pi))))
-543.0,5,ceil(((phi ** tanh(pi)) ** n))
-543.0,5,ceil((phi ** (log(catalan) + n)))
-543.0,5,ceil((phi ** (n + log10(catalan))))
-543.0,5,ceil(((phi ** tanh(pi)) ** n))
-543.0,5,(sqrt((n << n)) + sin(n))
-543.0,5,((phi ** n) + (n % phi))
-543.0,5,"(nroot(euler_gamma, e) + (phi ** n))"
-543.0,5,(cosh((n / ceil(phi))) + n)
-543.0,5,(n + cosh((n * log10(pi))))
-543.0,5,ceil((phi ** (cos(phi) + n)))
-543.0,5,ceil(((phi ** n) ** tanh(e)))
-543.0,5,((phi ** n) + atan(floor(phi)))
-543.0,5,ceil((sqrt((n << n)) ** catalan))
-543.0,5,ceil(((phi ** tanh(pi)) ** n))
-543.0,5,sinh(sqrt((n + sinh(sqrt(n)))))
-543.0,5,sinh(sqrt((sinh(sqrt(n)) + n)))
-543.0,5,ceil((phi ** (tanh(pi) * n)))
-543.0,5,((phi ** n) + (catalan * catalan))
-543.0,5,ceil(((phi ** tanh(e)) ** n))
-543.0,5,(n + sqrt(cosh((n - euler_gamma))))
-543.0,5,"(sqrt(cosh(n)) + nroot(n, phi))"
-543.0,5,((catalan ** n) + (phi ** n))
-543.0,5,sinh(sqrt((n + sinh(sqrt(n)))))
-543.0,5,ceil(((phi ** n) / atan(phi)))
-543.0,5,sinh(sqrt((sinh(sqrt(n)) + n)))
-543.0,5,((phi ** n) + (catalan ** n))
-543.0,5,sinh(sqrt((sinh(sqrt(n)) + n)))
-543.0,5,(sqrt(cosh(n)) + ceil(sqrt(n)))
-543.0,5,sinh(sqrt((n + sinh(sqrt(n)))))
-543.0,5,ceil(((phi ** tanh(pi)) ** n))
-543.0,5,sinh(sqrt((n + sinh(sqrt(n)))))
-543.0,5,ceil(((phi ** n) - log10(phi)))
-543.0,5,sinh(sqrt((n + sinh(sqrt(n)))))
-543.0,5,((phi ** n) + (catalan ** n))
-543.0,5,ceil(((phi ** n) ** tanh(pi)))
-543.0,5,ceil(((phi ** n) ** tanh(e)))
-543.0,5,sinh(sqrt((n + sinh(sqrt(n)))))
-543.0,5,ceil((phi ** (n + cos(phi))))
-543.0,5,ceil(((phi ** n) * acos(euler_gamma)))
-543.0,5,ceil((phi ** (n + cos(phi))))
-543.0,5,sinh(sqrt((n + sinh(sqrt(n)))))
-543.0,5,sinh(sqrt((n + sinh(sqrt(n)))))
-543.0,5,ceil((phi ** (n ** tanh(e))))
-543.0,5,sinh(sqrt((n + sinh(sqrt(n)))))
-543.0,5,ceil(((phi ** n) ** tanh(pi)))
-543.0,5,sinh(sqrt((n + sinh(sqrt(n)))))
-543.0,5,sinh(sqrt((n + sinh(sqrt(n)))))
-543.0,5,(sqrt(cosh(n)) + (n ** euler_gamma))
-543.0,5,"(nroot(sinh(n), e) // log10(e))"
-543.0,5,ceil((atan(pi) ** (n + n)))
-543.0,5,sinh(sqrt((sinh(sqrt(n)) + n)))
-543.0,5,ceil(((phi ** n) ** tanh(e)))
-543.0,5,sinh(sqrt((sinh(sqrt(n)) + n)))
-543.0,5,sinh(sqrt((sinh(sqrt(n)) + n)))
-543.0,5,(sqrt(cosh(log(cosh(n)))) + n)
-543.0,5,ceil((ceil((phi ** n)) * catalan))
-543.0,5,(sqrt(sinh(n)) + (e min n))
-543.0,5,sinh(sqrt((n + sinh(sqrt(n)))))
-543.0,5,ceil((catalan * ceil((phi ** n))))
-543.0,5,ceil((sqrt((n << n)) ** catalan))
-543.0,5,(cosh((log10(pi) * n)) + n)
-543.0,5,sinh(sqrt((sinh(sqrt(n)) + n)))
-543.0,5,(sqrt(sinh(n)) + (n ** euler_gamma))
-543.0,5,((phi ** n) + (n % phi))
-543.0,5,sinh(sqrt((sinh(sqrt(n)) + n)))
-543.0,5,ceil((phi ** (n ** tanh(e))))
-543.0,5,(catalan + sinh((n ** log2(phi))))
-543.0,5,ceil(((phi ** n) ** tanh(pi)))
-543.0,5,ceil(((phi ** tanh(e)) ** n))
-543.0,5,((phi ** n) + (n % phi))
-543.0,5,(sqrt((n << n)) + sin(n))
-543.0,5,(sqrt(cosh(n)) + ceil(sqrt(n)))
-543.0,5,(sqrt((n << n)) + sin(n))
-543.0,5,ceil((ceil((phi ** n)) * catalan))
-543.0,5,sinh(sqrt((sinh(sqrt(n)) + n)))
-543.0,5,sinh(sqrt((sinh(sqrt(n)) + n)))
-543.0,5,((n min e) + sqrt(sinh(n)))
-543.0,5,ceil(((phi ** n) ** tanh(e)))
-543.0,5,ceil((atan(pi) ** (n + n)))
-543.0,5,sinh(sqrt((n + sinh(sqrt(n)))))
-543.0,5,(n + sqrt(cosh(log(sinh(n)))))
-543.0,5,((catalan * catalan) + (phi ** n))
-543.0,5,(sqrt(cosh((n - euler_gamma))) + n)
-543.0,5,sinh(sqrt((sinh(sqrt(n)) + n)))
-543.0,5,(sqrt(sinh(n)) + (n ** euler_gamma))
-543.0,5,ceil((ceil((phi ** n)) * catalan))
-543.0,5,ceil((phi ** (n ** tanh(pi))))
-543.0,5,((phi ** n) + (catalan * catalan))
-543.0,5,ceil(((phi ** tanh(pi)) ** n))
-543.0,5,sinh(sqrt((n + sinh(sqrt(n)))))
-543.0,5,"ceil((phi ** nroot(n, atan(phi))))"
-543.0,5,(n + cosh(cosh((n / pi))))
-543.0,5,sinh(sqrt((n + sinh(sqrt(n)))))
-543.0,5,sinh(sqrt((sinh(sqrt(n)) + n)))
-543.0,5,ceil(((phi ** n) * sqrt(catalan)))
-543.0,5,sinh(sqrt((n + sinh(sqrt(n)))))
-543.0,5,(e + (n // (e / n)))
-543.0,5,sinh(sqrt((sinh(sqrt(n)) + n)))
-543.0,5,(sin(n) + sqrt((n << n)))
-543.0,5,"(sqrt(sinh(n)) + nroot(n, phi))"
-543.0,5,ceil((catalan * ceil((phi ** n))))
-543.0,5,sinh(sqrt((n + sinh(sqrt(n)))))
-543.0,5,sinh(sqrt((n + sinh(sqrt(n)))))
-543.0,5,sinh(sqrt((n + sinh(sqrt(n)))))
-543.0,5,(sin(n) + sqrt((n << n)))
-543.0,5,sinh(sqrt((n + sinh(sqrt(n)))))
-543.0,5,ceil((catalan * ceil((phi ** n))))
-543.0,5,(n + cosh(cosh((n / pi))))
-543.0,5,sinh(sqrt((n + sinh(sqrt(n)))))
-543.0,5,((n ** euler_gamma) + sqrt(cosh(n)))
-543.0,5,sinh(sqrt((n + sinh(sqrt(n)))))
-543.0,5,sinh(sqrt((n + sinh(sqrt(n)))))
-543.0,5,sinh(sqrt((sinh(sqrt(n)) + n)))
-543.0,5,ceil(((phi ** tanh(pi)) ** n))
-543.0,5,(sqrt((n << n)) + sin(n))
-543.0,5,"(sqrt(sinh(n)) + nroot(n, phi))"
-543.0,5,sinh(sqrt((n + sinh(sqrt(n)))))
-543.0,5,sinh(sqrt((n + sinh(sqrt(n)))))
-543.0,5,ceil(((phi ** tanh(e)) ** n))
-543.0,5,sinh(sqrt((n + sinh(sqrt(n)))))
-543.0,5,((catalan ** n) + (phi ** n))
-543.0,5,sinh(sqrt((n + sinh(sqrt(n)))))
-543.0,5,(n + sqrt(cosh((euler_gamma - n))))
-543.0,5,((catalan ** n) + (phi ** n))
-543.0,5,((phi ** n) + (catalan ** n))
-543.0,5,ceil((ceil((phi ** n)) * catalan))
-543.0,5,sinh(sqrt((sinh(sqrt(n)) + n)))
-543.0,5,sinh(sqrt((sinh(sqrt(n)) + n)))
-543.0,5,ceil(((phi ** tanh(e)) ** n))
-543.0,5,sinh(sqrt((n + sinh(sqrt(n)))))
-543.0,5,sinh(sqrt((n + sinh(sqrt(n)))))
-543.0,5,sinh(sqrt((n + sinh(sqrt(n)))))
-543.0,5,sinh(sqrt((n + sinh(sqrt(n)))))
-543.0,5,(n + cosh(cosh((n / pi))))
-543.0,5,sinh(sqrt((sinh(sqrt(n)) + n)))
-543.0,5,ceil((phi ** (n + log10(catalan))))
-543.0,5,sinh(sqrt((n + sinh(sqrt(n)))))
-543.0,5,(sqrt(cosh(n)) + (n ** euler_gamma))
-543.0,5,ceil((ceil((phi ** n)) * catalan))
-543.0,5,(cosh(cosh((n / pi))) + n)
-543.0,5,ceil((ceil((phi ** n)) * catalan))
-543.0,5,(n + cosh((n * log10(pi))))
-543.0,5,((phi ** n) + (catalan * catalan))
-543.0,5,(cosh(log10((pi ** n))) + n)
-543.0,5,ceil((phi ** (n + cos(phi))))
-543.0,5,sinh(sqrt((sinh(sqrt(n)) + n)))
-543.0,5,sinh(sqrt((n + sinh(sqrt(n)))))
-543.0,5,sinh(sqrt((n + sinh(sqrt(n)))))
-543.0,5,sinh(sqrt((sinh(sqrt(n)) + n)))
-543.0,5,(sin(n) + sqrt((n << n)))
-543.0,5,ceil(((phi ** n) * acos(euler_gamma)))
-543.0,5,ceil((ceil((phi ** n)) * catalan))
-543.0,5,((n ** euler_gamma) + sqrt(cosh(n)))
-543.0,5,sinh(sqrt((sinh(sqrt(n)) + n)))
-543.0,5,(sin(n) + sqrt((n << n)))
-543.0,5,(n + cosh((n / ceil(phi))))
-543.0,5,((n % phi) + (phi ** n))
-543.0,5,ceil(((phi ** tanh(e)) ** n))
-543.0,5,ceil((phi ** (n / atan(phi))))
-543.0,5,(sin(n) + sqrt((n << n)))
-543.0,5,sinh(sqrt((n + sinh(sqrt(n)))))
-543.0,5,(cosh(cosh((n / pi))) + n)
-543.0,5,(e + (n // (e / n)))
-543.0,5,ceil(((phi ** n) ** tanh(e)))
-543.0,5,ceil(((log2(phi) + catalan) ** n))
-543.0,5,ceil(((phi ** n) * acos(euler_gamma)))
-543.0,5,sinh(sqrt((n + sinh(sqrt(n)))))
-543.0,5,ceil(((phi ** n) * sqrt(catalan)))
-543.0,5,sinh(sqrt((n + sinh(sqrt(n)))))
-543.0,5,ceil(((phi ** tanh(pi)) ** n))
-543.0,5,"(nroot(pi, pi) ** (n + phi))"
-543.0,5,ceil((phi ** (n + cos(phi))))
-543.0,5,cosh(log10(cosh((n + floor(pi)))))
-543.0,5,ceil((ceil((phi ** n)) * catalan))
-543.0,5,"(nroot(n, phi) + sqrt(cosh(n)))"
-543.0,5,ceil(((phi ** tanh(pi)) ** n))
-543.0,5,sinh(sqrt((sinh(sqrt(n)) + n)))
-543.0,5,(sqrt(cosh((euler_gamma - n))) + n)
-543.0,5,((n // (e / n)) + e)
-543.0,5,ceil(((phi ** n) ** tanh(e)))
-543.0,5,((n / euler_gamma) // sin(sqrt(n)))
-543.0,5,sinh(sqrt((sinh(sqrt(n)) + n)))
-543.0,5,(n + sqrt(cosh((n - euler_gamma))))
-543.0,5,ceil((phi ** (n + log(catalan))))
-543.0,5,sinh(sqrt((sinh(sqrt(n)) + n)))
-543.0,5,ceil((phi ** (n * tanh(e))))
-543.0,5,ceil((sqrt((pi - euler_gamma)) ** n))
-543.0,5,sinh(sqrt((sinh(sqrt(n)) + n)))
-543.0,5,sinh(sqrt((sinh(sqrt(n)) + n)))
-543.0,5,(sqrt(cosh(n)) + (n ** euler_gamma))
-543.0,5,sinh(sqrt((sinh(sqrt(n)) + n)))
-543.0,5,(((n * n) // e) + e)
-543.0,5,(ceil(sqrt(n)) + sqrt(cosh(n)))
-543.0,5,(cosh(log10((pi ** n))) + n)
-543.0,5,ceil(((phi ** n) ** tanh(pi)))
-543.0,5,ceil(((phi ** n) ** tanh(pi)))
-543.0,5,(n + sqrt(cosh((n - euler_gamma))))
-543.0,5,(sin(n) + sqrt((n << n)))
-543.0,5,(sqrt((n << n)) + sin(n))
-543.0,5,ceil((phi ** (n + log(catalan))))
-543.0,5,(sqrt((n << n)) + sin(n))
-543.0,5,ceil(((phi * tanh(pi)) ** n))
-543.0,5,sinh(sqrt((n + sinh(sqrt(n)))))
-543.0,5,(cosh(cosh((n / pi))) + n)
-543.0,5,sinh(sqrt((sinh(sqrt(n)) + n)))
-543.0,5,(sqrt(cosh(n)) + (n ** euler_gamma))
-543.0,5,(sqrt((n << n)) + sin(n))
-543.0,5,ceil(((phi ** n) + log2(catalan)))
-543.0,5,ceil(((phi ** tanh(e)) ** n))
-543.0,5,"ceil((phi ** nroot(n, atan(phi))))"
-543.0,5,((phi ** n) + (catalan * catalan))
-543.0,5,ceil(((phi ** tanh(pi)) ** n))
-543.0,5,ceil((phi ** (n ** tanh(pi))))
-543.0,5,(sqrt((n << n)) + sin(n))
-543.0,5,ceil(((phi ** n) - log10(phi)))
-542.0,5,ceil(ceil((phi ** (n + log(catalan)))))
-542.0,5,ceil(((phi ** n) - (euler_gamma / n)))
-542.0,5,ceil(((phi ** n) - (euler_gamma / n)))
-542.0,5,ceil((phi ** (n - log_{c}(n))))
-542.0,5,(n + sqrt((sqrt(factorial(n)) ** phi)))
-542.0,5,(sqrt((n + cosh(n))) + sqrt(n))
-542.0,5,(cosh((euler_gamma * (n ** catalan))) + n)
-542.0,5,((sqrt((n << n)) ** catalan) + catalan)
-542.0,5,(n + (n ** (log10(n) * phi)))
-542.0,5,(sqrt((n ** sinh(log(n)))) + n)
-542.0,5,(((n ** phi) ** log10(n)) + n)
-542.0,5,(sqrt(n) + sqrt((n + cosh(n))))
-542.0,5,(n + sqrt((sqrt(factorial(n)) ** phi)))
-542.0,5,"((phi ** n) + nroot(cos(catalan), n))"
-542.0,5,(sqrt(cosh(n)) + sqrt((n + phi)))
-542.0,5,ceil((phi ** (log_{G}(n) + n)))
-542.0,5,"(nroot(n, pi) + (atan(c) ** n))"
-542.0,5,((sqrt(n) ** sinh(log(n))) + n)
-542.0,5,((n ** log10((n ** phi))) + n)
-542.0,5,(((phi ** n) ** sin(phi)) + catalan)
-542.0,5,(sqrt((sqrt(factorial(n)) ** phi)) + n)
-542.0,5,((n + cosh((n * euler_gamma))) ** catalan)
-542.0,5,(((n ** phi) ** log10(n)) + n)
-542.0,5,(n + sqrt((sqrt(factorial(n)) ** phi)))
-542.0,5,(n + sqrt(sqrt(cosh((n // euler_gamma)))))
-542.0,5,(((n ** log10(n)) ** phi) + n)
-542.0,5,"(n + sqrt(nroot(factorial(n), sqrt(phi))))"
-542.0,5,((tan(log(e)) ** n) + sqrt(n))
-542.0,5,(sqrt((sqrt(factorial(n)) ** phi)) + n)
-542.0,5,"ceil(sqrt((e ** nroot(n, sinh(catalan)))))"
-542.0,5,((atan(c) ** n) + sqrt(sqrt(n)))
-542.0,5,(sqrt(n) + sqrt((n + cosh(n))))
-542.0,5,(sqrt(sinh(n)) + sqrt((phi + n)))
-542.0,5,(sqrt((sinh(n) + n)) + sqrt(n))
-542.0,5,(sqrt((sqrt(factorial(n)) ** phi)) + n)
-542.0,5,ceil(((phi ** n) - (euler_gamma / n)))
-542.0,5,(sqrt((n + phi)) + sqrt(cosh(n)))
-542.0,5,(n + ((n ** phi) ** log10(n)))
-542.0,5,(phi + (n // (neg(n) % catalan)))
-542.0,5,((n ** log10((n ** phi))) + n)
-542.0,5,(cosh(cosh(log(n))) + (n ** catalan))
-542.0,5,((n min e) + cosh((euler_gamma * n)))
-542.0,5,ceil(((phi + log_{boltzmann}(n)) ** n))
-542.0,5,(sqrt((n ** sinh(log(n)))) + n)
-542.0,5,(sqrt(cosh(n)) + sqrt((phi + n)))
-542.0,5,((n ** (phi * log10(n))) + n)
-542.0,5,(n + (n ** (log10(n) * phi)))
-542.0,5,(e ** log(sqrt((ceil(pi) << n))))
-542.0,5,((n ** (log10(n) * phi)) + n)
-542.0,5,(sinh(cosh(log(n))) + (n ** catalan))
-542.0,5,(catalan + (sqrt((n << n)) ** catalan))
-542.0,5,((n ** log10((n ** phi))) + n)
-542.0,5,((n ** atan(log10(factorial(n)))) + n)
-542.0,5,(n + (n ** (log10(n) * phi)))
-542.0,5,(n + sqrt((sqrt(factorial(n)) ** phi)))
-542.0,5,((n ** log10((n ** phi))) + n)
-542.0,5,"ceil(((phi ** n) * nroot(catalan, n)))"
-542.0,5,(catalan + ((acos(boltzmann) ** n) / catalan))
-542.0,5,(n + (n ** log10((n ** phi))))
-542.0,5,((sqrt((n << n)) ** catalan) + catalan)
-542.0,5,(((euler_gamma + tanh(n)) ** n) + phi)
-542.0,5,(cosh(log((sinh(n) ** euler_gamma))) + n)
-542.0,5,((n ** (phi * log10(n))) + n)
-542.0,5,(n + (n ** (log10(n) * phi)))
-542.0,5,ceil(((phi ** n) min cosh(floor(pi))))
-542.0,5,(n + sinh((n / ceil(atan(n)))))
-542.0,5,(((n ** phi) ** log10(n)) + n)
-542.0,5,ceil(((log_{h}(phi) % phi) ** n))
-542.0,5,(n + (n ** log10((n ** phi))))
-542.0,5,(n + ((n ** log10(n)) ** phi))
-542.0,5,ceil((phi ** (log_{boltzmann}(e) + n)))
-542.0,5,((euler_gamma + catalan) ** (n + cosh(euler_gamma)))
-542.0,5,(n + sqrt((sqrt(factorial(n)) ** phi)))
-542.0,5,((n ** (log10(n) * phi)) + n)
-542.0,5,(sqrt(n) + sqrt((n + sinh(n))))
-542.0,5,(sqrt(phi) ** ((n / euler_gamma) + phi))
-541.0,5,(e * ((n ** sqrt(phi)) ** log10(n)))
-541.0,5,((n ** (catalan + euler_gamma)) max (phi + n))
-541.0,5,(sqrt((phi + n)) ** sqrt((phi + n)))
-541.0,5,(((n ** catalan) + n) max (phi ** n))
-541.0,5,(sqrt((n + phi)) ** sqrt((n + phi)))
-541.0,5,(sqrt((n / euler_gamma)) + cosh((n * euler_gamma)))
-541.0,5,(n + cosh(tan(log(log2((n + n))))))
-541.0,5,"((n + (phi ** n)) / nroot(n, n))"
-541.0,5,(phi + ((n / phi) * (n / phi)))
-541.0,5,((n + sinh(sqrt(n))) max (phi ** n))
-541.0,5,(n + cosh(log2((catalan / cosh(log2(n))))))
-541.0,5,(sqrt((n ** sqrt(n))) + cosh(log2(n)))
-541.0,5,(((n * n) / (phi * phi)) + phi)
-541.0,5,ceil((phi ** log(((phi * phi) ** n))))
-541.0,5,ceil(((phi ** cos(log(cos(euler_gamma)))) ** n))
-541.0,5,(n + (cosh((log2(n) - n)) ** catalan))
-541.0,5,((n ** (catalan / acos(log10(n)))) + n)
-541.0,5,(sqrt((n + phi)) ** sqrt((phi + n)))
-541.0,5,(cosh((log2(sqrt(n)) * sqrt(n))) + n)
-541.0,5,((phi ** n) + ((n ** catalan) / n))
-541.0,5,(n + cosh(log2((sqrt(n) ** sqrt(n)))))
-541.0,5,(sqrt((n + phi)) ** sqrt((n + phi)))
-541.0,5,(sqrt(((factorial(n) / pi) + n)) + n)
-541.0,5,(n + (n ** (n * neg(log10(euler_gamma)))))
-541.0,5,(sqrt((n + phi)) ** sqrt((n + phi)))
-541.0,5,(n + (cosh((log2(n) - n)) ** catalan))
-541.0,5,"(n + (nroot(n, (phi + e)) ** n))"
-541.0,5,ceil((phi ** log((phi ** (n + n)))))
-541.0,5,((sqrt(cosh(n)) - log10(cosh(n))) + n)
-541.0,5,(sqrt((n + phi)) ** sqrt((n + phi)))
-541.0,5,(sqrt((n ** sqrt(sinh(log2(n))))) + n)
-541.0,5,(n + (sqrt(sqrt((n ** n))) ** catalan))
-541.0,5,(n + (n ** (n / tan(log(avogadro)))))
-541.0,5,(n + ((e ** log10(factorial(n))) ** catalan))
-541.0,5,((n ** log2(log2((n + phi)))) + phi)
-541.0,5,ceil(((phi - log_{G}(sin(avogadro))) ** n))
-541.0,5,(sqrt((phi + n)) ** sqrt((phi + n)))
-541.0,5,(phi + sqrt((n ** sqrt((n + pi)))))
-541.0,5,ceil((phi ** log(((phi * phi) ** n))))
-541.0,5,(euler_gamma + ((phi * n) max (phi ** n)))
-541.0,5,(n + (cosh((log2(n) - n)) ** catalan))
-541.0,5,(ceil(((factorial(n) ** euler_gamma) / e)) + n)
-541.0,5,(sqrt((n + (factorial(n) / pi))) + n)
-541.0,5,((log2(n) ** (log2(n) ** catalan)) + n)
-541.0,5,(sqrt((n + phi)) ** sqrt((phi + n)))
-541.0,5,(n + (cosh(cosh(log2(n))) ** log10(e)))
-541.0,5,"(n + nroot((cosh(n) // n), log2(e)))"
-541.0,5,(sqrt((n + phi)) ** sqrt((n + phi)))
-541.0,5,((n + cosh(log2(n))) max (phi ** n))
-541.0,5,(cosh((n ** euler_gamma)) + (atan(n) ** n))
-541.0,5,ceil((phi ** log((phi ** (n + n)))))
-541.0,5,((n + cosh(log2(n))) max (phi ** n))
-541.0,5,(phi + (n ** (catalan / (catalan ** n))))
-541.0,5,(n + (sqrt((sqrt(n) ** n)) ** catalan))
-541.0,5,((n + (n ** catalan)) max (phi ** n))
-541.0,5,(sqrt((phi + n)) ** sqrt((phi + n)))
-541.0,5,(n + (log2(n) ** (log2(n) ** catalan)))
-541.0,5,(n + sqrt((n ** sqrt((n - G)))))
-540.0,5,((tan((n * catalan)) max n) + (n ** catalan))
-540.0,5,((n ** ((n % catalan) + log10(n))) + n)
-540.0,5,(n + ((n + cos(n)) ** atan(log2(n))))
-540.0,5,"(n + sqrt((nroot(factorial(n), atan(n)) + n)))"
-540.0,5,(((n ** catalan) + n) max cosh((n / phi)))
-540.0,5,(n + (n ** (log10(n) + (n % catalan))))
-540.0,5,(n + (n ** (e / (sinh(pi) / n))))
-540.0,5,((n ** log_{pi}(n)) + (atan(n) + catalan))
-540.0,5,((n * ((n ** catalan) - log2(n))) + phi)
-540.0,5,(n + ((n << n) ** (n % tanh(phi))))
-540.0,5,"((nroot(sqrt((n + n)), pi) ** n) + n)"
-540.0,5,((((n ** sqrt(n)) / n) ** catalan) + n)
-540.0,5,(((n + (factorial(n) // n)) ** euler_gamma) + n)
-540.0,5,(n + sqrt(((factorial(n) + factorial(n)) // n)))
-539.0,5,(n + sqrt((n + sqrt((c % (n ** n))))))
-539.0,5,cosh(sqrt(((sqrt((phi ** n)) ** sqrt(phi)) + n)))
-539.0,5,((n ** catalan) + (n ** log((n ** sqrt(euler_gamma)))))
-539.0,5,((cosh(log2(n)) // cos(cos((n ** n)))) + n)
-539.0,5,(n + (n ** (catalan + sin((h min tan(n))))))
-539.0,5,(((sqrt(n) ** sqrt(n)) + n) + log_{boltzmann}(n))
-539.0,5,(n + ((n ** (sqrt(n) - cosh(boltzmann))) ** catalan))
-539.0,5,(((n ** catalan) + n) max cosh((tan(avogadro) - n)))
-538.0,5,(n + (n ** (n * (tanh(n) - tanh(tanh(n))))))
-538.0,5,((n ** catalan) + (n max (n * (n * cos(n)))))
-538.0,5,((n ** (((n ** catalan) + n) % atan(n))) + n)
-538.0,5,(n + ((n ** catalan) max tan((n ** sqrt(log(n))))))
-538.0,5,(n + (((ceil(G) / catalan) ** (n ** catalan)) ** n))
-537.0,5,(((((n / n) + (n / catalan)) - n) ** n) + n)
-537.0,5,"nroot(sqrt((phi + n)), (sqrt((phi + n)) / (phi + n)))"
-536.0,5,(n + ((n + (n ** ((n * atan(n)) % n))) ** euler_gamma))
-536.0,5,((n ** ((euler_gamma max phi) * log10((n | n)))) + (n // catalan))
-535.0,5,(cosh(sqrt(tanh(n))) + ((acos((neg(G) / sinh(e))) min n) ** n))
-532.0,5,"((n / n) + (n ** sqrt(sinh(atan(((nroot(n, catalan) max (n min n)) // euler_gamma))))))"
-531.0,5,(n + ((n + ((n ** (log_{(n / catalan)}(catalan) max n)) >> n)) ** acos(abs(catalan))))
-296.0,4,ceil((phi ** n))
-296.0,4,ceil((phi ** n))
-296.0,4,ceil((phi ** n))
-296.0,4,ceil((phi ** n))
-296.0,4,ceil((phi ** n))
-296.0,4,ceil((phi ** n))
-296.0,4,ceil((phi ** n))
-296.0,4,ceil((phi ** n))
-296.0,4,ceil((phi ** n))
-296.0,4,ceil((phi ** n))
-296.0,4,ceil((phi ** n))
-296.0,4,ceil((phi ** n))
-296.0,4,ceil((phi ** n))
-296.0,4,ceil((phi ** n))
-296.0,4,ceil((phi ** n))
-296.0,4,ceil((phi ** n))
-296.0,4,ceil((phi ** n))
-296.0,4,ceil((phi ** n))
-296.0,4,ceil((phi ** n))
-296.0,4,ceil((phi ** n))
-296.0,4,ceil((phi ** n))
-295.0,4,((n ** catalan) + n)
-295.0,4,(cosh(log2(n)) + n)
-295.0,4,(n + (n ** catalan))
-295.0,4,(sinh(sqrt(n)) + n)
-295.0,4,((n * phi) + euler_gamma)
-295.0,4,((n ** catalan) + n)
-295.0,4,((n ** catalan) + n)
-295.0,4,(n + (n ** catalan))
-295.0,4,((n ** catalan) + n)
-295.0,4,(n + (n ** catalan))
-295.0,4,((n ** catalan) + n)
-295.0,4,(n + (n ** catalan))
-295.0,4,((n ** catalan) + n)
-295.0,4,(euler_gamma + (n * phi))
-295.0,4,((n ** catalan) + n)
-295.0,4,(n + (n ** catalan))
-295.0,4,((n ** catalan) + n)
-295.0,4,((n ** catalan) + n)
-295.0,4,(n + (n ** catalan))
-295.0,4,(n + (n ** catalan))
-295.0,4,(n + (n ** catalan))
-295.0,4,(euler_gamma + (n * phi))
-295.0,4,(n + (n ** catalan))
-295.0,4,(n + (n ** catalan))
-295.0,4,(euler_gamma + (phi * n))
-295.0,4,((n ** catalan) + n)
-295.0,4,((n ** catalan) + n)
-295.0,4,(n + (n ** catalan))
-295.0,4,(cosh(log2(n)) + n)
-295.0,4,(n + (n ** catalan))
-295.0,4,((n ** catalan) + n)
-295.0,4,((n * phi) + euler_gamma)
-295.0,4,(cosh(log2(n)) + n)
-295.0,4,((n ** catalan) + n)
-295.0,4,(n + (n ** catalan))
-295.0,4,((n ** catalan) + n)
-295.0,4,((n ** catalan) + n)
-295.0,4,(n + (n ** catalan))
-295.0,4,(n + (n ** catalan))
-295.0,4,(n + (n ** catalan))
-295.0,4,(n + (n ** catalan))
-295.0,4,(euler_gamma + (n * phi))
-295.0,4,(n + (n ** catalan))
-295.0,4,(n + (n ** catalan))
-295.0,4,((n ** catalan) + n)
-295.0,4,((n ** catalan) + n)
-295.0,4,(n + (n ** catalan))
-295.0,4,((n ** catalan) + n)
-295.0,4,(n + (n ** catalan))
-295.0,4,(n + (n ** catalan))
-295.0,4,((n ** catalan) + n)
-295.0,4,(n + (n ** catalan))
-295.0,4,(n + (n ** catalan))
-295.0,4,((n ** catalan) + n)
-295.0,4,((n ** catalan) + n)
-295.0,4,((n ** catalan) + n)
-295.0,4,((n ** catalan) + n)
-295.0,4,(n + (n ** catalan))
-295.0,4,(n + (n ** catalan))
-295.0,4,(n + (n ** catalan))
-295.0,4,((n ** catalan) + n)
-295.0,4,((n ** catalan) + n)
-295.0,4,(n + (n ** catalan))
-295.0,4,((n * phi) + euler_gamma)
-295.0,4,(n + (n ** catalan))
-295.0,4,(n + (n ** catalan))
-295.0,4,((n ** catalan) + n)
-295.0,4,((n ** catalan) + n)
-295.0,4,((n ** catalan) + n)
-295.0,4,(n + (n ** catalan))
-295.0,4,(n + (n ** catalan))
-295.0,4,(euler_gamma + (n * phi))
-295.0,4,((n ** catalan) + n)
-295.0,4,((n ** catalan) + n)
-295.0,4,((n ** catalan) + n)
-295.0,4,((n ** catalan) + n)
-295.0,4,(n + cosh(log2(n)))
-295.0,4,((n ** catalan) + n)
-295.0,4,((n ** catalan) + n)
-295.0,4,(n + (n ** catalan))
-295.0,4,(n + (n ** catalan))
-295.0,4,(n + (n ** catalan))
-295.0,4,(n + (n ** catalan))
-295.0,4,(euler_gamma + (phi * n))
-295.0,4,(n + (n ** catalan))
-295.0,4,((n * phi) + euler_gamma)
-295.0,4,(n + (n ** catalan))
-295.0,4,(n + (n ** catalan))
-295.0,4,(n + (n ** catalan))
-295.0,4,(euler_gamma + (phi * n))
-295.0,4,(n + (n ** catalan))
-295.0,4,(n + (n ** catalan))
-295.0,4,((n ** catalan) + n)
-295.0,4,(n + (n ** catalan))
-295.0,4,((n ** catalan) + n)
-295.0,4,(n + (n ** catalan))
-295.0,4,(n + (n ** catalan))
-295.0,4,((n ** catalan) + n)
-295.0,4,(n + (n ** catalan))
-295.0,4,((phi * n) + euler_gamma)
-295.0,4,(n + (n ** catalan))
-295.0,4,((n ** catalan) + n)
-295.0,4,(n + (n ** catalan))
-295.0,4,((n ** catalan) + n)
-295.0,4,(n + (n ** catalan))
-295.0,4,(euler_gamma + (n * phi))
-295.0,4,(cosh(log2(n)) + n)
-295.0,4,((n ** catalan) + n)
-295.0,4,((n ** catalan) + n)
-295.0,4,(n + (n ** catalan))
-295.0,4,(n + (n ** catalan))
-295.0,4,(n + (n ** catalan))
-295.0,4,((n ** catalan) + n)
-295.0,4,(n + (n ** catalan))
-295.0,4,(n + (n ** catalan))
-295.0,4,(n + (n ** catalan))
-295.0,4,((n ** catalan) + n)
-295.0,4,((n ** catalan) + n)
-295.0,4,((n ** catalan) + n)
-295.0,4,(n + (n ** catalan))
-295.0,4,(n + (n ** catalan))
-295.0,4,((n * phi) + euler_gamma)
-295.0,4,((n ** catalan) + n)
-295.0,4,(euler_gamma + (n * phi))
-295.0,4,(n + (n ** catalan))
-295.0,4,(n + (n ** catalan))
-295.0,4,((n ** catalan) + n)
-295.0,4,((n ** catalan) + n)
-295.0,4,(n + (n ** catalan))
-295.0,4,(n + (n ** catalan))
-295.0,4,(n + cosh(log2(n)))
-295.0,4,(euler_gamma + (n * phi))
-295.0,4,((phi ** n) + catalan)
-295.0,4,((n ** catalan) + n)
-295.0,4,(n + (n ** catalan))
-295.0,4,((n ** catalan) + n)
-295.0,4,(n + (n ** catalan))
-295.0,4,(n + (n ** catalan))
-295.0,4,((n ** catalan) + n)
-295.0,4,((n ** catalan) + n)
-295.0,4,(n + (n ** catalan))
-295.0,4,(n + (n ** catalan))
-295.0,4,((n ** catalan) + n)
-295.0,4,(n + (n ** catalan))
-295.0,4,(n + (n ** catalan))
-294.0,4,(n + (n - log10(n)))
-294.0,4,(cos(n) + (n + n))
-294.0,4,(n + (n + cos(n)))
-294.0,4,(n + (cos(n) + n))
-294.0,4,"nroot((sqrt(n) + n), catalan)"
-294.0,4,(n + (n + cos(n)))
-294.0,4,((n + n) - log10(n))
-294.0,4,(e * (n - log(n)))
-293.0,4,(sinh((sqrt(n) max h)) + n)
-293.0,4,(((n + phi) / phi) ** phi)
-132.0,3,(((phi / phi) + n) + log(n))
-47.0,2,(phi + n)
-47.0,2,(phi + n)
-47.0,2,(phi + n)
-47.0,2,(phi + n)
-47.0,2,(n + phi)
